{
    "Modules": {
        "conv_mul_add_array": {
            "start_perf": [
                2.1131918430328369,
                1.7106949999999999,
                0.512073,
                282596,
                292480,
                1716869638.0335569,
                333598072527511
            ],
            "Compiled Times": 2,
            "child_modules": {
                "add": 25,
                "multi": 25
            },
            "nRouts": 304,
            "nQuads": 2571,
            "Compiled": "Yes",
            "end_perf": [
                2.1223828792572021,
                1.718423,
                0.51353499999999996,
                282596,
                292480,
                333598102898038,
                34359738369,
                0
            ],
            "nMops": 8655
        },
        "...MASTER...": {
            "start_perf": [
                1.9860630035400391,
                1.6065990000000001,
                0.49404700000000001,
                278940,
                292480,
                1716869637.9064281,
                333597653819436
            ],
            "child_modules": {
                "sram464x144_error_injection": 1,
                "sram520x104_error_injection": 1,
                "tx_buffer": 1,
                "std": 1,
                "uart_rx_tb": 1
            },
            "end_perf": [
                2.0173928737640381,
                1.6282299999999998,
                0.49990699999999999,
                280384,
                292480,
                333597757067082,
                0,
                0
            ],
            "nRouts": 13,
            "nQuads": 14,
            "nMops": 7
        },
        "fc_classify": {
            "start_perf": [
                2.1453847885131836,
                1.7360630000000001,
                0.51852699999999996,
                282596,
                292480,
                1716869638.0657499,
                333598178577304
            ],
            "Compiled Times": 2,
            "child_modules": {},
            "nRouts": 111,
            "nQuads": 1271,
            "Compiled": "Yes",
            "end_perf": [
                2.1511659622192383,
                1.741503,
                0.51886699999999997,
                282596,
                292480,
                333598197674008,
                47244640257,
                0
            ],
            "nMops": 3628
        },
        "sram520x104": {
            "start_perf": [
                2.2260019779205322,
                1.801895,
                0.53282300000000005,
                282908,
                292480,
                1716869638.1463671,
                333598444106902
            ],
            "Compiled Times": 2,
            "child_modules": {},
            "nRouts": 785,
            "nQuads": 8826,
            "Compiled": "Yes",
            "end_perf": [
                2.2514297962188721,
                1.820641,
                0.53950299999999995,
                283164,
                292480,
                333598527945348,
                137438953473,
                0
            ],
            "nMops": 25030
        },
        "std": {
            "start_perf": [
                2.017603874206543,
                1.6282299999999998,
                0.50011899999999998,
                280384,
                292480,
                1716869637.937969,
                333597757698735
            ],
            "child_modules": {},
            "svclass": [
                "$vcs_nba_dyn_obj",
                0,
                37,
                2,
                2,
                0,
                "sigprop$$",
                0,
                37,
                2,
                2,
                0,
                "process",
                0,
                184,
                8,
                8,
                0,
                "event",
                0,
                36,
                2,
                2,
                0,
                "mailbox",
                0,
                107,
                9,
                9,
                0,
                "semaphore",
                0,
                71,
                5,
                5,
                0
            ],
            "Compiled Times": 2,
            "Compiled": "Yes",
            "nQuads": 224,
            "end_perf": [
                2.0296978950500488,
                1.639154,
                0.50011899999999998,
                280400,
                292480,
                333597797576776,
                8589934594,
                0
            ],
            "nMops": 477,
            "nRouts": 36
        },
        "multi": {
            "start_perf": [
                2.151209831237793,
                1.741538,
                0.51887799999999995,
                282596,
                292480,
                1716869638.0715749,
                333598197756178
            ],
            "Compiled Times": 2,
            "child_modules": {},
            "nRouts": 42,
            "nQuads": 2215,
            "Compiled": "Yes",
            "end_perf": [
                2.1597058773040771,
                1.749401,
                0.51951000000000003,
                282596,
                292480,
                333598225798802,
                68719476737,
                0
            ],
            "nMops": 8568
        },
        "add": {
            "start_perf": [
                2.0297448635101318,
                1.639202,
                0.50011899999999998,
                280400,
                292480,
                1716869637.95011,
                333597797676370
            ],
            "Compiled Times": 2,
            "child_modules": {},
            "nRouts": 38,
            "nQuads": 564,
            "Compiled": "Yes",
            "end_perf": [
                2.048818826675415,
                1.6582750000000002,
                0.50011899999999998,
                280400,
                292480,
                333597860569552,
                21474836481,
                0
            ],
            "nMops": 2080
        },
        "sram464x144": {
            "start_perf": [
                2.1814818382263184,
                1.7657799999999999,
                0.52441800000000005,
                282596,
                292480,
                1716869638.1018469,
                333598297465221
            ],
            "Compiled Times": 2,
            "child_modules": {},
            "nRouts": 1022,
            "nQuads": 11484,
            "Compiled": "Yes",
            "end_perf": [
                2.2232317924499512,
                1.7991359999999998,
                0.53281000000000001,
                282908,
                292480,
                333598435075165,
                128849018881,
                0
            ],
            "nMops": 32439
        },
        "convPool2": {
            "start_perf": [
                2.048865795135498,
                1.658323,
                0.50011899999999998,
                280400,
                292480,
                1716869637.9692309,
                333597860654065
            ],
            "Compiled Times": 2,
            "child_modules": {
                "add": 4
            },
            "nRouts": 1333,
            "nQuads": 16082,
            "Compiled": "Yes",
            "end_perf": [
                2.11313796043396,
                1.7106520000000001,
                0.51206099999999999,
                282596,
                292480,
                333598072441843,
                30064771073,
                0
            ],
            "nMops": 40034
        },